"I was very proud of my nickname throughout high school but today- I couldn’t be any different to what my nickname was.", 0
"Check back tomorrow; I will see if the book has arrived.", 0
"Sixty-Four comes asking for bread.", 0
"The old apple revels in its authority.", 0
"They got there early, and they got really good seats.", 0
"The clock within this blog and the clock on my laptop are 1 hour different from each other.", 0
"He told us a very exciting adventure story.", 0
"Wow, does that work?", 0
"We have never been to Asia, nor have we visited Africa.", 0
"When I was little I had a car door slammed shut on my hand. I still remember it quite vividly.", 0
"The body may perhaps compensates for the loss of a true metaphysics.", 0
"She only paints with bold colors; she does not like pastels.", 0
"My Mum tries to be cool by saying that she likes all the same things that I do.", 0
"She was too short to see over the fence.", 0
"Italy is my favorite country; in fact, I plan to spend two weeks there next year.", 0
"He said he was not there yesterday; however, many people saw him there.", 0
"Rock music approaches at high velocity.", 0
"Joe made the sugar cookies; Susan decorated them.", 0
"The lake is a long way from here.", 0
"Sometimes, all you need to do is completely make an ass of yourself and laugh it off to realise that life isn’t so bad after all.", 0
"Last Friday in three week’s time I saw a spotted striped blue worm shake hands with a legless lizard.", 0
"Hurry!", 0
"Please wait outside of the house.", 0
"I am never at home on Sundays.", 0
"I currently have 4 windows open up… and I don’t know why.", 0
"She folded her handkerchief neatly.", 0
"This is a Japanese doll.", 0
"She works two jobs to make ends meet; at least, that was her reason for not having time to join us.", 0
"Lets all be unique together until we realise we are all the same.", 0
"A glittering gem is not enough.", 0
"I often see the time 11:11 or 12:34 on clocks.", 0
"Writing a list of random sentences is harder than I initially thought it would be.", 0
"I will never be this young again. Ever. Oh damn… I just got older.", 0
"Where do random thoughts come from?", 0
"The quick brown fox jumps over the lazy dog.", 0
"I am happy to take your donation; any amount will be greatly appreciated.", 0
"She advised him to come back at once.", 0
"Abstraction is often one floor above you.", 0
"How was the math test?", 0
"He turned in the research paper on Friday; otherwise, he would have not passed the class.", 0
"I want to buy a onesie… but know it won’t suit me.", 0
"The mysterious diary records the voice.", 0
"Tom got a small piece of pie.", 0
"Someone I know recently combined Maple Syrup & buttered Popcorn thinking it would taste like caramel popcorn. It didn’t and they don’t recommend anyone else do it either.", 0
"Is it free?", 0
"What was the person thinking when they discovered cow’s milk was fine for human consumption… and why did they do it in the first place!?", 0
"She did not cheat on the test, for it was not the right thing to do.", 0
"She did her best to help him.", 0
"A purple pig and a green donkey flew a kite in the middle of the night and ended up sunburnt.", 0
"Malls are great places to shop; I can find everything I need under one roof.", 0